<?xml version="1.0" encoding="utf-8"?>
<!--
<properties>
<entry key="eventID">1113957</entry>
<entry key="eventType">3</entry>
<entry key="nodeID">PMDM.AT.WebDisplaySequence</entry>
<entry key="nodeType">Attribute</entry>
<entry key="eventCreationTime">2023-09-12 15:37:29.0</entry>
<entry key="messageCreationTime">2023-09-12 15:38:05.305</entry>
<entry key="eventID">1113958</entry>
<entry key="eventType">3</entry>
<entry key="nodeID">PMDM.AT.WebDisplaySequence</entry>
<entry key="nodeType">Attribute</entry>
<entry key="eventCreationTime">2023-09-12 15:37:29.0</entry>
<entry key="messageCreationTime">2023-09-12 15:38:05.305</entry>
<entry key="eventID">1113959</entry>
<entry key="eventType">3</entry>
<entry key="nodeID">PMDM.AT.WebDisplaySequence</entry>
<entry key="nodeType">Attribute</entry>
<entry key="eventCreationTime">2023-09-12 15:37:29.0</entry>
<entry key="messageCreationTime">2023-09-12 15:38:05.305</entry>
<entry key="eventID">1113960</entry>
<entry key="eventType">3</entry>
<entry key="nodeID">PMDM.AT.WebDisplaySequence</entry>
<entry key="nodeType">Attribute</entry>
<entry key="eventCreationTime">2023-09-12 15:37:29.0</entry>
<entry key="messageCreationTime">2023-09-12 15:38:05.305</entry>
</properties>
-->
<!-- Configuration:
<?xml version='1.0'?>
<STEP-ProductInformation ResolveInlineRefs="true" FollowOverrideSubProducts="true" ExportDerivedAttrs="true" Validation="XSD">
    <AttributeList ExportSize="Selected" >
        <Attribute>
            <Name/>
        </Attribute>
    </AttributeList>

</STEP-ProductInformation>
Effective date: 2023-09-12 15:38:05
Classifications All
Products All
Assets All

Exported by domain exporter.
-->
<STEP-ProductInformation xmlns="http://www.stibosystems.com/step" xmlns:xsi="http://www.w3.org/2001/XMLSchema-instance" xsi:schemaLocation="http://www.stibosystems.com/step PIM.xsd" ExportTime="2023-09-12 15:38:05" ExportContext="Context1" ContextID="Context1" WorkspaceID="Approved" UseContextLocale="false">

  <AttributeList>

    <Attribute ID="PMDM.AT.WebDisplaySequence" MultiValued="false" ProductMode="Property" FullTextIndexed="false" ExternallyMaintained="false" Derived="false" Referenced="true" Changed="true" Mandatory="false">
      <Name>Web Display Sequence</Name>
      <LinkType LinkTypeID="PA"/>
      <LinkType LinkTypeID="CA"/>
    </Attribute>

  </AttributeList>
</STEP-ProductInformation>
